CODE,CODE_EN_DES,CODE_VI_DES,HSCODE,Manual
90ACC0375,"ACC,TDR,RESTRICTED,7"",MGL9800I",PH? KI?N ??U ??C MÃ V?CH,84733090,PH? KI?N
710034600,RECEIVING LENS ASSEMBLY NEON,TH?U KÍNH,90021900,TH?U KÍNH
131128603,"USB RUBBER COVER, HC, MIC",V? B?O V? (NH?A),39269059,V? B?O V? (NH?A)
131128613,"USB RUBBER COVER, LIGHT, MIC",V? B?O V? (NH?A),39269059,V? B?O V? (NH?A)
131128623,"USB RUBBER COVER, DARK, MIC",V? B?O V? (NH?A),39269059,V? B?O V? (NH?A)
278171610,SUPPORT LH  MSC CRADLE MEMOR 1,MI?NG ??M (NH?A),39269059,MI?NG ??M (NH?A)
163196290,,NHÃN (NH?A CU?N),39191099,NHÃN (NH?A CU?N)
94ACC0193,"RUBBER BOOT, MEMOR 10",MI?NG ??M (CAO SU),40169390,MI?NG ??M (CAO SU)
010000769,SCREW M1.6X35X14 PAN PHILLIPS,?C VÍT,73181590,?C VÍT
010000770,SCREW M1.6X35X10 PAN PHILLIPS,?C VÍT,73181590,?C VÍT
019900909,"SPACER, HEX, M2X15, M/F",MI?NG ??M,58061090,MI?NG ??M
019900911,"NUT, HEX, M2X0.4X1.6",?AI ?C,73181690,?AI ?C
019900913,"NUT, HEX, M2X0.4X1.2",?AI ?C,73181690,?AI ?C
019900914,"WASHER 3,2X0,5 POLYSLIDER",MI?NG ??M,58061090,MI?NG ??M
019900915,"SPACER, RND, DURACON 4X5",MI?NG ??M,58061090,MI?NG ??M
040000187,SLIDE BEARING 8-10 L.10 (-100°C/+250°C),MI?NG ??M,58061090,MI?NG ??M
134019702,"RADIO BUMPER, CRADLE 45 SHA MIC",MI?NG ??M (CAO SU),40169390,MI?NG ??M (CAO SU)
142089500,"TRAY,TOP,ENGINE,FIREFLY",KHAY (NH?A),39269059,KHAY (NH?A)
142089600,"TRAY,BOTTOM,ENGINE ONLY,FIREFLY",KHAY (NH?A),39269059,KHAY (NH?A)
142089700,"TRAY,BOTTOM,MULTI ENGINE,FIREFLY",KHAY (NH?A),39269059,KHAY (NH?A)
142089800,"BOX,10-PACK,ENGINE,FIREFLY",H?P ?ÓNG GÓI,48191000,H?P ?ÓNG GÓI
710036000,GOT LASER POINTER NEON,KHUNG ?? (H?P KIM K?M),79070099,KHUNG ?? (H?P KIM K?M)
019900912,"SPACER, RND, DURACON 4x8",MI?NG ??M (NH?A),39269059,MI?NG ??M (NH?A)
131123303,"ENCLOSURE,MGL3400",V? B?O V? (NH?A),39269059,V? B?O V? (NH?A)
278172104,"BASKET,MIRROR,MGL34X0",KHUNG ?? (NH?A),39269059,KHUNG ?? (NH?A)
278172403,"HORN,SPEAKER,MGL34XX",KHUNG ?? (NH?A),39269059,KHUNG ?? (NH?A)
084000380,"CAP,100NF,16V,X7R,10%,0201,ROHS",T? ?I?N,85322400,T? ?I?N
134020500,BUMPER-FLANGE-1.57 NEON,MI?NG ??M (CAO SU),40169390,MI?NG ??M (CAO SU)
134020600,BUMPER-REAR-1.57 NEON,MI?NG ??M (CAO SU),40169390,MI?NG ??M (CAO SU)
278177301,FRONT COVER NEON,KHUNG ?? (H?P KIM K?M),79070099,KHUNG ?? (H?P KIM K?M)
278177801,CHASSIS NEON,KHUNG ?? (H?P KIM K?M),79070099,KHUNG ?? (H?P KIM K?M)
278179300,FLANGE NEON,KHUNG ?? (H?P KIM K?M),79070099,KHUNG ?? (H?P KIM K?M)
294053001,"WINDOW EXIT, NINJA",KÍNH (NH?A),39269059,KÍNH (NH?A)
000001428,CONN BM20 30PIN SMD P0.4 B TO B HEADER,??U N?I,85366939,??U N?I
025000291,"SWITCH, SMD, SGS P/MOM, 1MC, 2NF",CÔNG T?C,85365051,CÔNG T?C
054100208,IC STM32L051T8 WLCSP CORTEXM0+ 36PIN 64K,M?CH ?I?N T? TÍCH H?P,85423100,M?CH ?I?N T? TÍCH H?P
062000093,"BJT P/P,PEMB10,RES R1=2K2,R2=47K,SOT666",TRANSISTOR,85412900,TRANSISTOR
100419203,FE4192 PCB CS2251,M?CH IN,85340030,M?CH IN
296026300,"SCREW M1.4X0.3X1.7 THREADLOCK, BLACKZINC",?C VÍT,73181590,?C VÍT
298067400,LENS PROJECTOR NEON,TH?U KÍNH,90021900,TH?U KÍNH
103020100,"SCREW,MACHINE,PAN,TORX, M2X0.4, L 19mm",?C VÍT,73181590,?C VÍT
131070403,"ENCLOSURE TOP 65,DARK",V? B?O V? (NH?A),39269059,V? B?O V? (NH?A)
700283004,"HANDLE CORDED ASSY HC, MIC",V? B?O V? (NH?A),39269059,V? B?O V? (NH?A)
700275002,MOTOR COIL ASSY NEON,MÔ T?,85011049,MÔ T?
027000112,TRANSFORMER 10/100 SMD BASE-TX for POE,M?CH ?I?N T? TÍCH H?P,85423100,M?CH ?I?N T? TÍCH H?P
054150082,IC ST3232E TSSOP16 3V3 RS232 TRANSCEIVER,M?CH ?I?N T? TÍCH H?P,85423100,M?CH ?I?N T? TÍCH H?P
131142700,"STAND BASE ,QW2120",V? ?? ?? (NH?A),39269059,V? ?? ?? (NH?A)
131142800,"STAND ARM, BLACK,QW2120",V? ?? ?? (NH?A),39269059,V? ?? ?? (NH?A)
131142900,"STAND BUTTON,QW2120",NÚT NH?N (NH?A),39269059,NÚT NH?N (NH?A)
131147300,"STAND CUP,QW2120",V? ?? ?? (NH?A),39269059,V? ?? ?? (NH?A)
000000459,"CONN,HEADER 90° 2X6 P0,8MM",??U N?I,85366939,??U N?I
000000460,"CONN, VERT RECEPTACLE 2X6 P0,8MM",??U N?I,85366939,??U N?I
000000748,CONN ZIF FH33 20P 0.5MM SMD,??U N?I,85366939,??U N?I
010000769,SCREW M1.6X35X14 PAN PHILLIPS,?C VÍT,73181590,?C VÍT
010000770,SCREW M1.6X35X10 PAN PHILLIPS,?C VÍT,73181590,?C VÍT
019900909,"SPACER, HEX, M2X15, M/F",CH?T (THÉP),73269099,CH?T (THÉP)
019900910,"SPACER, HEX, M2X08, M/F",CH?T (THÉP),73269099,CH?T (THÉP)
019900911,"NUT, HEX, M2X0.4X1.6",?AI ?C (H?P KIM ??NG K?M),74199999,?AI ?C (H?P KIM ??NG K?M)
019900912,"SPACER, RND, DURACON 4X8",CH?T (THÉP),73269099,CH?T (THÉP)
019900913,"NUT, HEX, M2X0.4X1.2",CH?T (THÉP),73269099,CH?T (THÉP)
019900914,"WASHER 3,2X0,5 POLYSLIDER",MI?NG ??M (NH?A),39269059,MI?NG ??M (NH?A)
019900915,"SPACER, RND, DURACON 4X5",MI?NG ??M (NH?A),39269059,MI?NG ??M (NH?A)
025000260,"SWITCH,PUSHBUTTON SMD 3.4N 3.0X2.6X0.7MM",NÚT NH?N,85371099,NÚT NH?N
025000291,"WITCH, SMD, SGS P/MOM, 1MC, 2NF",NÚT NH?N,85371099,NÚT NH?N
027000070,"EMI,FERRITE BEAD,600 OHM/100MHZ,0603",VIÊN FE-RI,85049090,VIÊN FE-RI
027000324,"IND, 4.7UH,1.3A,20%,3.9X3.9X1.7",CU?N C?M,85045020,CU?N C?M
027000326,"IND, 10UH,3.5A,20%,6.3X6.3X 5",CU?N C?M,85045020,CU?N C?M
027100005,"IND    4,7 UH 20% SMD 0,31A SIMID03",CU?N C?M,85045020,CU?N C?M
027110132,"IND    1,5 UH 20% SMD 1,7A 3X3MM",CU?N C?M,85045020,CU?N C?M
034383820,RES 820   K 1% 0402 1/16W,?I?N TR?,85332100,?I?N TR?
034509051,RES   5.1 R 5% 0805 1/8W,?I?N TR?,85332100,?I?N TR?
040000187,SLIDE BEARING 8-10 L.10 (-100°C/+250°C),MI?NG ??M (NH?A),39269059,MI?NG ??M (NH?A)
054100208,IC STM32L051T8 WLCSP CORTEXM0+ 36PIN 64K,M?CH ?I?N T? TÍCH H?P,85423100,M?CH ?I?N T? TÍCH H?P
054120187,"IC,I2C BUS SWITCH,PCA9546,5V,TSSOP-16",M?CH ?I?N T? TÍCH H?P,85423100,M?CH ?I?N T? TÍCH H?P
054125135,"IC,TRANSCEIVER,PHY,KSZ8051,QFN-32",M?CH ?I?N T? TÍCH H?P,85423100,M?CH ?I?N T? TÍCH H?P
054150061,IC MAX3443 SO8 RS485 60V PROTECTED,M?CH ?I?N T? TÍCH H?P,85423100,M?CH ?I?N T? TÍCH H?P
054220386,"IC,SP3203,RS232 TRANS,VLMIN 1V8,TSSOP20",M?CH ?I?N T? TÍCH H?P,85423100,M?CH ?I?N T? TÍCH H?P
060000025,DIODE MSS1P6 MICROSMP 60V 1A,?I?T,85411000,?I?T
060000107,DIODE BRIDGE RECT. 1000V 1A SMD  H=1.7,?I?T,85411000,?I?T
060100186,"DIODE BAV99S SOT363 70V 0,2A DUAL SERIES",?I?T,85411000,?I?T
062000093,"BJT P/P,PEMB10,RES R1=2K2,R2=47K,SOT666",TRANSISTOR,85412900,TRANSISTOR
064100996,"QUARTZ 25,0000 MHZ SMD NX3225SA",TRANSISTOR,85412900,TRANSISTOR
065000012,MOSFET P SI7465DP PW PACK 60V 5A 65MOHM,TRANSISTOR,85412900,TRANSISTOR
065000064,"MOSFET N TSOP-6 150V 1,5A",TRANSISTOR,85412900,TRANSISTOR
067000038,CMOS SENSOR AR0135 SMD 1.2MP GLSHUTTER,TRANSISTOR,85412900,TRANSISTOR
068000216,"LED,PHOTO RED,SMD, HIGH DENSITY",?I?T PHÁT SÁNG,85414010,?I?T PHÁT SÁNG
068000217,"LED,COOLWHITE,SMD, HIGH DENSITY",?I?T PHÁT SÁNG,85414010,?I?T PHÁT SÁNG
069010004,"OPTOCOUPLER HMHA2801 SO4 2,5KV",?I?T PHÁT SÁNG,85414010,?I?T PHÁT SÁNG
080000014,"CAP EL RAD  330 UF 16V 6,5X11 MM",T? ?I?N,85322400,T? ?I?N
083000027,"CAP C0G  2,2   PF 50V 0402 +/- 025PF",T? ?I?N,85322400,T? ?I?N
084000380,"CAP,100NF,16V,X7R,10%,0201,ROHS",T? ?I?N,85322400,T? ?I?N
084000386,COND X7R 22UF 10% 35V 1206,??U N?I,85366939,??U N?I
054120143,IC MAX14821ETG+ TRANSCEIV IO-LINK 24TQFN,M?CH ?I?N T? TÍCH H?P,85423100,M?CH ?I?N T? TÍCH H?P
054120291,IC LTC4267 DFN16 3 POE CONTROLLER,M?CH ?I?N T? TÍCH H?P,85423100,M?CH ?I?N T? TÍCH H?P
054120296,IC LM3414 LLP-8 BUCK LED DRIVER,M?CH ?I?N T? TÍCH H?P,85423100,M?CH ?I?N T? TÍCH H?P
083115220,"CAP CER X7R 2,2 NF 50 V 0402 10%",T? ?I?N,85322400,T? ?I?N
084000224,"CAP,CERAMIC (X7R),10NF, 10% 250V, 0805",T? ?I?N,85322400,T? ?I?N
085000006,CAP C0G 150   PF 100V 0805 5%,T? ?I?N,85322400,T? ?I?N
100347205,"FAB,FE3472,GREEN SPOT",M?CH IN,85340030,M?CH IN
100416601,FE4166 PCB CS-2451,M?CH IN,85340030,M?CH IN
100419203,FE4192 PCB CS2251,M?CH IN,85340030,M?CH IN
100441401,FE4414 PCB CS-2646,M?CH IN,85340030,M?CH IN
100442000,FE4420 PCB CS-2356,M?CH IN,85340030,M?CH IN
100442101,FE4421 PCB CS-2656,M?CH IN,85340030,M?CH IN
100442400,FE4424 PCB CS2658,M?CH IN,85340030,M?CH IN
100448501,FE4485 PCB CS-2362,M?CH IN,85340030,M?CH IN
100451100,FE4511 PCB CS-2363,M?CH IN,85340030,M?CH IN
100453300,FE4533 PCB CS-2360,M?CH IN,85340030,M?CH IN
103020100,"SCREW,MACHINE,PAN,TORX, M2X0.4, L 19MM",?C VÍT,73181590,?C VÍT
131146600,"UPPER ENCLOSURE, NINJA",V? B?O V? (NH?A),39269059,V? B?O V? (NH?A)
131146700,"BOTTOM ENCLOSURE, NINJA",V? B?O V? (NH?A),39269059,V? B?O V? (NH?A)
134020500,BUMPER-FLANGE-1.57 NEON,MI?NG ??M (CAO SU),40169390,MI?NG ??M (CAO SU)
134020600,BUMPER-REAR-1.57 NEON,MI?NG ??M (CAO SU),40169390,MI?NG ??M (CAO SU)
151080600,"DAMPER HALOGEN, NINJA",MI?NG ??M (CAO SU),40169390,MI?NG ??M (CAO SU)
163346000,"LABEL SERIAL NUMBER, NINJA",NH?A MI?NG (NH?A),39269059,NH?A MI?NG (NH?A)
163348000,"MULTI-BATTERY CHARGER ESD LABEL, MIC",NHÃN (NH?A MI?NG),39199099,NHÃN (NH?A MI?NG)
163350800,"KAPTON LABEL, FIREFLY",KEO/KAPTON,39209299,KEO/KAPTON
175020601,LABEL KEYPAD,NH?A MI?NG (NH?A),39269059,NH?A MI?NG (NH?A)
176099700,TAPE SPEAKER SEAL,MI?NG DÁN,39199099,MI?NG DÁN
278177301,FRONT COVER NEON,KHUNG ?? (NHÔM),76169990,KHUNG ?? (NHÔM)
278177801,CHASSIS NEON,KHUNG ?? (NHÔM),76169990,KHUNG ?? (NHÔM)
278179300,FLANGE NEON,KHUNG ?? (NHÔM),76169990,KHUNG ?? (NHÔM)
278192400,"MOUNT ENGINE, NINJA",KHUNG ?? (NHÔM),76169990,KHUNG ?? (NHÔM)
298068200,OBJECTIVE ASSY MICHELANGELO,CH?T GÀI (NH?A),39269059,CH?T GÀI (NH?A)
710036000,GOT LASER POINTER NEON,THÂN ?? (K?M),79070099,THÂN ?? (K?M)
100425201,FE4252 M220 PCB CS-2288,M?CH IN,85340030,M?CH IN
163346100,"LABEL LASER, NINJA",NHÃN (NH?A CU?N),39191099,NHÃN (NH?A CU?N)
294053001,"WINDOW EXIT, NINJA",KÍNH (NH?A),39269059,KÍNH (NH?A)
710035000,LENS PIPE ASSY NEON,TH?U KÍNH,90021900,TH?U KÍNH
080040014,"CAP,X7R, 0.1 UF,5%,50V,0805",T? ?I?N,85322400,T? ?I?N
100413403,FE4134 M220 PCB CS-2288,M?CH IN,85340030,M?CH IN
298067400,LENS PROJECTOR NEON,TH?U KÍNH,90021900,TH?U KÍNH
131130100,MULTI-BATTERY CHARGER LOW. ENCLOSURE MIC,V? B?O V? (NH?A),39269059,V? B?O V? (NH?A)
251065000,METAL PLATE SSD JOYA TOUCH LIGHT,MI?NG ??M (H?P KIM K?M),79070099,MI?NG ??M (H?P KIM K?M)
700312900,"MULTI-BAT CHARGER UPPER ENCLOSURE, MIC",V? B?O V? (NH?A),39269059,V? B?O V? (NH?A)
084000404,CAP X5R 10UF 25V 0603 20%,T? ?I?N,85322400,T? ?I?N
084000406,CAP X7R 47NF 50V 0402 10%,T? ?I?N,85322400,T? ?I?N
151080900,D-809 RUBBER SPACER M220 POE,MI?NG ??M (CAO SU),40169390,MI?NG ??M (CAO SU)
100449900,FE-4499 PCB CS-2393,M?CH IN,85340030,M?CH IN
176098301,"BOTTOM PLUG, NINJA",MI?NG ??M (CAO SU),40169390,MI?NG ??M (CAO SU)
278192302,"BOOT, ENCLOSURE SEAL, NINJA",MI?NG ??M (CAO SU),40169390,MI?NG ??M (CAO SU)
278192802,"SPEAKER RUBBER PART, NINJA",MI?NG ??M (CAO SU),40169390,MI?NG ??M (CAO SU)
770266901,"CABLE, USB, OUTPUT, 2M, NINJA",DÂY CÁP ?I?N,85444922,DÂY CÁP ?I?N
770269800,"CABLE,RS232,DB9, OUTPUT. 2M, NINJA",DÂY CÁP ?I?N,85444922,DÂY CÁP ?I?N
770269900,"CABLE, RJ10 PIGTAIL, OUTPUT, NINJA",DÂY CÁP ?I?N,85444922,DÂY CÁP ?I?N
820110500,INSTRUCTION NEON DEMO KIT,SÁCH H??NG D?N,49019990,SÁCH H??NG D?N
278194101,"MOUNT,MAGNET CUP,MGL1500I",KHUNG ?? (THÉP),73269099,KHUNG ?? (THÉP)
ZC0000286,"ADH,LOCTITE 3106,UV,BONDING,SYRINGE",KEO L?NG,35061000,KEO L?NG
700275003,MOTOR COIL ASSY NEON,MÔ T?,85011049,MÔ T?
700275502,GMC - 2755 COVER GROUP M120 STD/ESD,PH? KI?N C?M L?P RÁP V? NH?A,84733090,PH? KI?N
700276900,GMC - 2769 BODY GROUP M120 ETH WA,PH? KI?N C?M L?P RÁP V? NH?A,84733090,PH? KI?N
740228500,ASSY MODULE NEON DE2171-AF,PH? KI?N C?M L?P RÁP B? PH?N ?I?U KHI?N,84733090,PH? KI?N
062000092,,TRANSISTOR,85412900,TRANSISTOR
710034301,GOT-343 REWORKED OBJ M120 3X0-XXX 1.2MP,,#N/A,
740285500,ASSY MODULE HALOGEN1 DE2011-DL - MOVING,,#N/A,
131139205,"ENCLOSURE,BLACK,BACK,MGL1500I",V? B?O V? (NH?A),39269059,V? B?O V? (NH?A)
131139206,"ENCLOSURE,WHITE,BACK,MGL1500I",V? B?O V? (NH?A),39269059,V? B?O V? (NH?A)
000000897,CONN DF20G-10DP 1V 2X5 PINS,??U N?I,85366939,??U N?I
027000117,"TRANSFORMER FLYBACK POE 12V 7W ER14,5",CU?N C?M,85045020,CU?N C?M
027000325,"IND, 6.8UH,1.1A,20%,3X3X1.5",CU?N C?M,85045020,CU?N C?M
034000591,RES 0.120 OHM 1% 1206 1/4 W,?I?N TR?,85332100,?I?N TR?
053100080,IC LM431 SOT23-3 ADJ ZENER SHUNT REGUL.,M?CH ?I?N T? TÍCH H?P,85423100,M?CH ?I?N T? TÍCH H?P
053110015,IC LMV761 SOT23 PRECISION COMPARATOR,M?CH ?I?N T? TÍCH H?P,85423100,M?CH ?I?N T? TÍCH H?P
054100199,IC 2XARM CORTEX-A9 600MHZ + FPGA 25KLE,M?CH ?I?N T? TÍCH H?P,85423100,M?CH ?I?N T? TÍCH H?P
054110094,IC M24C64-WDW6 TSSOP8 64K EEPROM,M?CH ?I?N T? TÍCH H?P,85423100,M?CH ?I?N T? TÍCH H?P
054120087,PC LM3409MY MSOP10 PFET BUCK LED DRIVER,M?CH ?I?N T? TÍCH H?P,85423100,M?CH ?I?N T? TÍCH H?P
054120538,IC LV8549MC STEPPER MTR DRIVER SOIC10,M?CH ?I?N T? TÍCH H?P,85423100,M?CH ?I?N T? TÍCH H?P
054120598,"IC, IIS2DH,3 AXIS ACCELEROMETER, SMT",M?CH ?I?N T? TÍCH H?P,85423100,M?CH ?I?N T? TÍCH H?P
054120687,IC MIC23451 2A 3MHZ TRIPLE SYNC BUCK REG,M?CH ?I?N T? TÍCH H?P,85423100,M?CH ?I?N T? TÍCH H?P
054120688,IC X3160 SSOP20 RS232/485 -40+85 IEC-ESD,M?CH ?I?N T? TÍCH H?P,85423100,M?CH ?I?N T? TÍCH H?P
054130121,IC 74LVC1G86DBVR SOT23 SINGLE XOR 4.5NS,M?CH ?I?N T? TÍCH H?P,85423100,M?CH ?I?N T? TÍCH H?P
054150066,IC PCA9532BS HVQFN24 16BIT I2C LED DIM.,M?CH ?I?N T? TÍCH H?P,85423100,M?CH ?I?N T? TÍCH H?P
060000108,TRANSIL 33V 1500W BID. SMD SMPC H=1.2MM,TRANSISTOR,85412900,TRANSISTOR
060100181,"DIODE 1SS400 SMD 80V 0,1A HIGH SPEED",?I?T,85411000,?I?T
061100009,TRANSIL ARRAY LCDA24.TE SMD SO8,TRANSISTOR,85412900,TRANSISTOR
065000122,"BJT,BC56PA,80V,1A,NPN,SOT1061",TRANSISTOR,85412900,TRANSISTOR
067000042,OPTICAL SENSOR W/ TRANS OUT TCPT1300X01,TRANSISTOR,85412900,TRANSISTOR
068000121,"LED ORANGE (605NM) 12°SMD 3,2X3,6X3,4MM",?I?T PHÁT SÁNG,85414010,?I?T PHÁT SÁNG
068000217,"LED,COOLWHITE,SMD, HIGH DENSITY",?I?T PHÁT SÁNG,85414010,?I?T PHÁT SÁNG
068000228,"LED,AMBER,SMD,REVERSE MOUNT,LA P47F",?I?T PHÁT SÁNG,85414010,?I?T PHÁT SÁNG
068000229,"LED,AMBER,SMD,136LM/W,GA CS8PM1.23",?I?T PHÁT SÁNG,85414010,?I?T PHÁT SÁNG
068080002,LED BICOLOR RED/BLU 060,?I?T PHÁT SÁNG,85414010,?I?T PHÁT SÁNG
084000247,"CAP,CER,X7R,33NF, 10%, 25V, 0402",T? ?I?N,85322400,T? ?I?N
084000331,COND CER COG 1 NF 50V 0402 5%,T? ?I?N,85322400,T? ?I?N
087100005,CAP X7R  2.2  UF 100V 1210 10%,T? ?I?N,85322400,T? ?I?N
100419404,FE4194 M220 ILLUMINATOR PCB CS2244,M?CH IN,85340030,M?CH IN
100445501,FE4455 PCB CS-2359,M?CH IN,85340030,M?CH IN
632016001,$ FLASH MOTHER BOARD M220 V 1.6.0 REV B,M?CH ?I?N T? TÍCH H?P,85423100,M?CH ?I?N T? TÍCH H?P
740318600,ASSY MODULE FIREFLY DE2102-DL Q10,PH? KI?N B? ?I?U KHI?N MÁY ??C MÃ V?CH,84733090,PH? KI?N
700323801,"LENS/HOUSING ASM,TORQ-FIT PAIRS M5X0.35",C?M L?P RÁP TH?U KÍNH,84733090,C?M L?P RÁP
710036200,"RECEIVING LENS ASSY, FIREFLY",C?M L?P RÁP TH?U KÍNH,84733090,C?M L?P RÁP
60000106,DIODE SCHOTTKY 40V 3A SS36FA,?I?T,85411000,?I?T
100431002,FE4310 M220 PCB CS-2292,M?CH IN,85340030,M?CH IN
131070703,"ENCLOSURE, TOP, 90, DARK",V? B?O V? (NH?A),39269059,V? B?O V? (NH?A)
131136212,"INTEG STAND ENDCAP, LIGHT MIC",V? B?O V? (NH?A),39269059,V? B?O V? (NH?A)
298069200,"ILLUMINATION LENS, FIREFLY",KÍNH (NH?A),39269059,KÍNH (NH?A)
298070900,"GREEN SPOT LENS, FIREFLY",KÍNH (NH?A),39269059,KÍNH (NH?A)
770266901,"CABLE, USB, OUTPUT, 2M, NINJA",DÂY CÁP ?I?N,85444922,DÂY CÁP ?I?N
770269800,"CABLE,RS232,DB9, OUTPUT. 2M, NINJA",DÂY CÁP ?I?N,85444922,DÂY CÁP ?I?N
298068200,OBJECTIVE ASSY MICHELANGELO,KHUNG ?? (NH?A),39269059,KHUNG ?? (NH?A)
298069100,"AIMING LENS, FIREFLY",KÍNH (NH?A),39269059,KÍNH (NH?A)
710035000,LENS PIPE ASSY NEON,KHUNG ?? (NH?A),39269059,KHUNG ?? (NH?A)
203007022,"TRIGGER, HP MIC",NÚT NH?N (NH?A),39269059,NÚT NH?N (NH?A)
700316100,"TOP COVER CORDED ASSY HP, MIC",V? B?O V? (NH?A),39269059,V? B?O V? (NH?A)
131136801,"CHASSIS, FIREFLY",KHUNG ?? (H?P KIM K?M) gias,79070099,KHUNG ?? (H?P KIM K?M)
131143300,"HOUSING, GREEN SPOT, FIREFLY",KHUNG ?? (NH?A),39269059,KHUNG ?? (NH?A)
163274487,"BODY MARK LABEL,QD2430-BK",NHÃN (NH?A MI?NG),39199099,NHÃN (NH?A MI?NG)
944350003,MEMOR 10 E41AC04FL1FT1AN,MÁY ??C MÃ V?CH,84719010,MÁY ??C MÃ V?CH
163308251,"TOP COVER OVERLAY,LOGO BAYSCAN",V? B?O V? (NH?A),39269059,V? B?O V? (NH?A)
632016001,$ FLASH MOTHER BOARD M220 V 1.6.0 REV B,M?CH ?I?N T? TÍCH H?P,85423100,M?CH ?I?N T? TÍCH H?P
632016003,FLASH MOTHER BOARD M220 V 1.6.3,M?CH ?I?N T? TÍCH H?P,85423100,M?CH ?I?N T? TÍCH H?P
10000898,"SCR,FMS+6X30 SST,ROHS",?C VÍT,73181590,?C VÍT
132112301,CB-1123 COVER M220,KHUNG ?? (NHÔM),76169990,KHUNG ?? (NHÔM)
278189400,"SUPPORT,HARDWARE QD2430 LIGABUE-2",KHUNG ?? (NH?A),39269059,KHUNG ?? (NH?A)
004018002,"ANTENNA CONNECTOR,SMD,MS-156-NB",?NG-TEN,85291099,?NG-TEN
009000091,"STRIP F    2P P.2,54 H=4,1 SMD",??U N?I,85366939,??U N?I
019309043,CAP FOR CONN. ETH M12 IP67,T? ?I?N,85322400,T? ?I?N
131139102,"STAND,MGL1500I",KHUNG ?? (NHÔM),76169990,KHUNG ?? (NHÔM)
132114400,UPPER HOUSING 3SD,V? B?O V? (NH?A),39269059,V? B?O V? (NH?A)
178008092,"GC -  80 PANEL LIGHT PIPE L.3,1",THANH D?N SÁNG (NH?A),39269059,THANH D?N SÁNG (NH?A)
163329114,WARNING BATTERY LABEL,NHÃN (NH?A CU?N),39191099,NHÃN (NH?A CU?N)
163339701,E-3397 FIXED DATA LABEL M220,NHÃN (NH?A CU?N),39191099,NHÃN (NH?A CU?N)
163348000,MULTI-BATTERY CHARGER ESD LABEL,NHÃN (NH?A MI?NG),39199099,NHÃN (NH?A MI?NG)
163356300,TRANSPARENT LABEL - NINJA,NHÃN (NH?A CU?N),39191099,NHÃN (NH?A CU?N)
700276202,LINEAR ACTUATOR ASSEMBLY NEON,,#N/A,
700310200,LINEAR ACTUATOR ASSEMBLY NEON,,#N/A,
700325200,"ASSY,SENSOR & OBJECTIVE,QW2420-CA63",,#N/A,
740228500,ASSY MODULE NEON DE2171-AF,C?M L?P RÁP B? ?I?U KHI?N MÁY ??C MÃ V?CH,84733090,C?M L?P RÁP
740248300,ASSY MODULE FIREFLY DE2102-DL,C?M L?P RÁP B? ?I?U KHI?N MÁY ??C MÃ V?CH,84733090,C?M L?P RÁP
740282800,ASSY MODULE NEON DE2171-AF SPI,C?M L?P RÁP B? ?I?U KHI?N MÁY ??C MÃ V?CH,84733090,C?M L?P RÁP
QW2420-CA63,"QW2400,BLK,USB SB6026",MÁY ??C MÃ V?CH,84719010,MÁY ??C MÃ V?CH
700292101,"IMAGER SUBASSEMBLY, FIREFLY, DL",C?M L?P RÁP B? ?I?U KHI?N QUANG H?C,84733090,C?M L?P RÁP
740318600,ASSY MODULE FIREFLY DE2102-DL Q10,C?M L?P RÁP B? ?I?U KHI?N MÁY ??C MÃ V?CH,84733090,C?M L?P RÁP
944700025,MEMOR 1 E00AN04HL0GT0AN-NNN,MÁY ??C MÃ V?CH,84719010,MÁY ??C MÃ V?CH
944700026,MEMOR 1 E00AN04HL0HT0AN-NN,MÁY ??C MÃ V?CH,84719010,MÁY ??C MÃ V?CH
740333100,"SUB ASSY,HALOGEN WVGA + ETH",C?M L?P RÁP B? ?I?U KHI?N MÁY ??C MÃ V?CH,84733090,C?M L?P RÁP
740333200,"SUB ASSY,HALOGEN WVGA + USB",C?M L?P RÁP B? ?I?U KHI?N MÁY ??C MÃ V?CH,84733090,C?M L?P RÁP
740333300,"SUB ASSY,HALOGEN 1.2MP + ETH",C?M L?P RÁP B? ?I?U KHI?N MÁY ??C MÃ V?CH,84733090,C?M L?P RÁP
740333400,"SUB ASSY,HALOGEN 1.2MP + USB",C?M L?P RÁP B? ?I?U KHI?N MÁY ??C MÃ V?CH,84733090,C?M L?P RÁP
740333500,"SUB ASSY,HALOGEN  WA 1.2MP + ETH",C?M L?P RÁP B? ?I?U KHI?N MÁY ??C MÃ V?CH,84733090,C?M L?P RÁP
740333600,"SUB ASSY,HALOGEN  WA 1.2MP + USB",C?M L?P RÁP B? ?I?U KHI?N MÁY ??C MÃ V?CH,84733090,C?M L?P RÁP
740333700,"SUB ASSY,HALOGEN WVGA RED + ETH",C?M L?P RÁP B? ?I?U KHI?N MÁY ??C MÃ V?CH,84733090,C?M L?P RÁP
740333900,"SUB ASSY,HALOGEN 1.2MP RED + ETH",C?M L?P RÁP B? ?I?U KHI?N MÁY ??C MÃ V?CH,84733090,C?M L?P RÁP
131134701,CA-1347 BODY M220,KHUNG ?? (NHÔM),76169990,KHUNG ?? (NHÔM)
700283014,"HANDLE CORDED ASSY LIGHT, MIC",V? B?O V? (NH?A),39269059,V? B?O V? (NH?A)
770269900,"CABLE, RJ10 PIGTAIL, OUTPUT, NINJA",DÂY CÁP ?I?N,85444922,DÂY CÁP ?I?N
000000347,CONN SD CARD PUSH-PUSH SMD,??U N?I,85366939,??U N?I
000001387,"CONN,RCPT,19P,HDMI,MICRO,D,RA,SMD,TH-MNT",??U N?I,85366939,??U N?I
020000005,DIP SWITCH PCB 10 POS SMD P=1.27,NÚT NH?N,85371099,NÚT NH?N
027000069,"EMI,FERRITE BEAD,470 OHM/500MA,0603",VIÊN FE-RI,85049090,VIÊN FE-RI
027000188,"FERRITE 60R AT 100MHZ, 1700MA",VIÊN FE-RI,85049090,VIÊN FE-RI
034000522,"RES,330 R,1/16W,1%,0402",?I?N TR?,85332100,?I?N TR?
034000737,RES 6.04K 1% 0402 1/16W,?I?N TR?,85332100,?I?N TR?
054110269,"MEM,SMT,EMMC 4GB,SD 8BIT",M?CH ?I?N T? TÍCH H?P,85423100,M?CH ?I?N T? TÍCH H?P
054120573,"IC, REG,LT8612,42V,6A,SYNCH,STEP DOWN",M?CH ?I?N T? TÍCH H?P,85423100,M?CH ?I?N T? TÍCH H?P
068080003,LED BICOLORE ROSSO/VERDE 0603,?I?T PHÁT SÁNG,85414010,?I?T PHÁT SÁNG
100445300,FE4453 PCB CS-2349,M?CH IN,85340030,M?CH IN
278199500,FRONT COVER - NEON REWORKED,V? B?O V? (NH?A),39269059,V? B?O V? (NH?A)
700282814,"TOP COVER CORDED ASSY, LIGHT MIC",V? B?O V? (NH?A),39269059,V? B?O V? (NH?A)
850037414,"ADDENDUM,REG,MGL1500I",SÁCH H??NG D?N,49019990,SÁCH H??NG D?N
890004949,MEMOR X3 MAINBRD BATCH CCD CE CORE REL2,C?M L?P RÁP M?CH IN ?I?N T?,84733090,C?M L?P RÁP
095000005,"CAP EL RAD  220  UF 50V 10X12,5 P5 SW",T? ?I?N,85322400,T? ?I?N
176103701,EM SHIELD TAPE - NINJA,MI?NG ??M (NH?A),39269059,MI?NG ??M (NH?A)
298074200,"LENS, ILLUMINATION,QD2131",TH?U KÍNH,90021900,TH?U KÍNH
852001132,SAFETY AND REGULATORY ADD SSD FULL TR,SÁCH H??NG D?N,49019990,SÁCH H??NG D?N
163274407,BODY MARK LABEL QD2430 WH,NHÃN (NH?A MI?NG),39199099,NHÃN (NH?A MI?NG)
163274467,"BODY MARK LABEL,BT,MARCO POLO BK",NHÃN (NH?A MI?NG),39199099,NHÃN (NH?A MI?NG)
163356400,E - 3564 MARK LABEL WLAN+BT JOYA TOUCH,NHÃN (NH?A MI?NG),39199099,NHÃN (NH?A MI?NG)
176099703,TAPE SPEAKER SEAL,MI?NG ??M,58061090,MI?NG ??M
210022100,LR-221 ENCODER DISK M220,MI?NG ??M (THÉP),73269099,MI?NG ??M (THÉP)
000001480,"CONN, MICROB,USB 3.0",??U N?I,85366939,??U N?I
000001483,CONN 0.4MM PITCH 100P RECEPTACLE H=3MM,??U N?I,85366939,??U N?I
000001484,CONN 0.4MM PITCH 100P HEADER,??U N?I,85366939,??U N?I
054120746,"IC, NXP I2S AUDIO AMP, 3W",M?CH ?I?N T? TÍCH H?P,85423100,M?CH ?I?N T? TÍCH H?P
054120747,"IC, ST PDM MICROPHONE",M?CH ?I?N T? TÍCH H?P,85423100,M?CH ?I?N T? TÍCH H?P
054120748,"IC, LATTICE CROSSLINK,81-CSFBGA4.5X4.5",M?CH ?I?N T? TÍCH H?P,85423100,M?CH ?I?N T? TÍCH H?P
054120749,"IC, CYPRESS EZ-USB CX3 FRAMEGRABBER",M?CH ?I?N T? TÍCH H?P,85423100,M?CH ?I?N T? TÍCH H?P
054120750,"IC, LATTICE MACH XO3 9K",M?CH ?I?N T? TÍCH H?P,85423100,M?CH ?I?N T? TÍCH H?P
054120751,"IC, EXAR DUAL SPI/I2C UART",M?CH ?I?N T? TÍCH H?P,85423100,M?CH ?I?N T? TÍCH H?P
054120752,"IC, CYPRESS SPI FLASH 16MP",M?CH ?I?N T? TÍCH H?P,85423100,M?CH ?I?N T? TÍCH H?P
054120754,"IC FT2232D, LQFP48, DUAL PORT CONVERTER",M?CH ?I?N T? TÍCH H?P,85423100,M?CH ?I?N T? TÍCH H?P
060000135,"DIO,ESD,USB 3.0 PASS THRU",M?CH ?I?N T? TÍCH H?P,85423100,M?CH ?I?N T? TÍCH H?P
064000094,"OSC, 19.2M, 3.2X5MM",TH?CH ANH,85416000,TH?CH ANH
131122600,"LOCK LOWER ENCLOSURE,HC,BC6020",V? B?O V? (NH?A),39269059,V? B?O V? (NH?A)
163274477,"BODY MARK LABEL,QD2130 HP",NHÃN (NH?A MI?NG),39199099,NHÃN (NH?A MI?NG)
163351200,E - 3512 MARK LABEL WLAN+BT CHINA,NHÃN (NH?A MI?NG),39199099,NHÃN (NH?A MI?NG)
176097404,"STRIP,COPPER TAPE,6.35X30",MI?NG ??M (H?P KIM ??NG K?M),74199999,MI?NG ??M (H?P KIM ??NG K?M)
176098300,"BOTTOM PLUG, NINJA",V? (CAO SU),40169390,V? (CAO SU)
278192300,"BOOT, ENCLOSURE SEAL, NINJA",V? (CAO SU),40169390,V? (CAO SU)
278192801,"SPEAKER RUBBER SEAL, NINJA",V? (CAO SU),40169390,V? (CAO SU)
278194201,"DISC,STEEL,STAND MOUNT,MGL1500I",KHUNG ?? (THÉP),73269099,KHUNG ?? (THÉP)
17000014,"O-RING 8X1,25 DIN 3770 NBR 70°SH",MI?NG ??M (CAO SU),40169390,MI?NG ??M (CAO SU)
90ACC0350,"SWITCHING PWR SUPPLY,12V,5A",B? NGU?N,85044019,B? NGU?N
944350008,MEMOR 10 E41AC04FL1FT1AN KIT,MÁY ??C MÃ V?CH,84719010,MÁY ??C MÃ V?CH
94ACC0191,"BATTERY, MEMOR 10",PIN,85076090,PIN
176096401,,MI?NG ??M,58061090,MI?NG ??M
770269200,"GS CABLE WITH CONNECTORS, TASKBOOK",DÂY CÁP ?I?N,85444922,DÂY CÁP ?I?N
161024400,DT-244 POINTER IRIS M220,MI?NG ??M (THÉP),73269099,MI?NG ??M (THÉP)
890004491,"PART,PCBA,MB,DOLLAR GENERAL,S/S,M93I,R2",C?M L?P RÁP B?NG M?CH IN ?Ã L?P RÁP,84733090,C?M L?P RÁP
94A150098,"DOCK, SINGLE SLOT, HC, MEMOR 10",C?M L?P RÁP ?? S?C,84733090,C?M L?P RÁP
100435102,"FAB,FE4351,ILL TOP,MGL15I",M?CH IN,85340030,M?CH IN
100435203,"FAB,FE4352,ILL BTM,MGL15I",M?CH IN,85340030,M?CH IN
131136102,"ENDCAP CORDED, HC MIC",V? B?O V? (NH?A),39269059,V? B?O V? (NH?A)
131136122,"ENDCAP CORDED, DARK MIC",V? B?O V? (NH?A),39269059,V? B?O V? (NH?A)
890005450,GM/BT4102 MECHANICAL ASSY HC,C?M L?P RÁP V?,84733090,C?M L?P RÁP
94A150097,"DOCK, VEHICLE, MEMOR 10",C?M L?P RÁP ?? S?C,84733090,C?M L?P RÁP
170022300,F-223 POLARIZER FILTER M220,MI?NG ??M (NH?A),39269059,MI?NG ??M (NH?A)
94ACC0205,"BATTERY, HC, MEMOR 10",PIN,85076090,PIN
131125001,"TOP,PLASTIC,DLC & TIN OXIDE,M35",N?P CHE (NH?A),39269059,N?P CHE (NH?A)
278152003,"MOUNT,FRONT,FLANGE,TARGET,MGL93/94I",KHUNG ?? (THÉP),73269099,KHUNG ?? (THÉP)
278193200,HOLDER LENS ILLUMINATION M220,KHUNG ?? (NH?A),39269059,KHUNG ?? (NH?A)
010000326,ANELLO 13 UNI 7435 BRUNITO,?C VÍT,73181590,?C VÍT
010000687,"SPINA 1,5X16-B-INOX UNI ISO 2338",?C VÍT,73181590,?C VÍT
010000741,"SCREW M2,5X14 UNI7687 ZINC.BLACK",?C VÍT,73181590,?C VÍT
010000742,"SCREW M2,5X30 UNI7687 ZINC.BLACK",?C VÍT,73181590,?C VÍT
010000743,SCREW M2X6 UNI 7687 ZINC.BLACK,?C VÍT,73181590,?C VÍT
010000744,"GRUB SCREW M1,6X4 DIN-915 INOX",?C VÍT,73181590,?C VÍT
010148018,SCREW M 2  X  4  UNI 7688 WZ,?C VÍT,73181590,?C VÍT
016038002,"WASHER 3,2 X7   UNI 6592 ZB",MI?NG ??M (THÉP),73269099,MI?NG ??M (THÉP)
017000055,"O-RING 15X1,5 COD. PARKER 6-118",MI?NG ??M (CAO SU),40169390,MI?NG ??M (CAO SU)
019200073,ANTIVIBRANTE NYLTITE M2   CORTO,CH?T (THÉP),73269099,CH?T (THÉP)
019200194,BAG NYLON CM12X15  SP.8MY (NO MI.GRIP),TÚI ?ÓNG GÓI,39239090,TÚI ?ÓNG GÓI
019900699,"STEPPING MOTOR D. 8 SHAFT M1,7X0,4 M220",MÔ T?,85011049,MÔ T?
040000179,"LENS, 7MM, F/4, 1/3’’ FORM, 1.2MPX",KHUNG ?? (NHÔM),76169990,KHUNG ?? (NHÔM)
040000180,"LENS, 12MM, F/5, 1/3’’ FORM, 1.2MPX",KHUNG ?? (NHÔM),76169990,KHUNG ?? (NHÔM)
100420201,FE4202 FLEX MOTOR PCB M220 CS-2249,M?CH IN,85340030,M?CH IN
127026700,BS-267 BLOCK FOR OBJECTIVE BUSHING M220,KHUNG ?? (NHÔM),76169990,KHUNG ?? (NHÔM)
161024700,$DT-247 STIGHT LIGHT DIAPH. DPM 7MM M220,MI?NG ??M (THÉP),73269099,MI?NG ??M (THÉP)
161024800,$DT-248 STIGHT LIGHT DIAPH. STD 7MM M220,MI?NG ??M (THÉP),73269099,MI?NG ??M (THÉP)
176091201,"RUBBER BOOT BLUE, JOYA TOUCH",MI?NG ??M (CAO SU),40169390,MI?NG ??M (CAO SU)
176092500,GA-925 GASKET BODY M220,MI?NG ??M (CAO SU),40169390,MI?NG ??M (CAO SU)
178014700,GC-147 STEPPER CURSOR M220,KHUNG ?? (NH?A),39269059,KHUNG ?? (NH?A)
189026900,GZ-269 POINTER RING NUT M220,CH?T (NHÔM),76169990,CH?T (NHÔM)
203007700,LC-77 AUTOFOCUS LEVER M220,KHUNG ?? (H?P KIM K?M),79070099,KHUNG ?? (H?P KIM K?M)
217021700,MC-217 AUTOFOCUS OBJECTIVE SPRING M220,LÒ XO (THÉP),73202090,LÒ XO (THÉP)
258049600,PT-496 CONNECTORS PANEL M220,KHUNG ?? (H?P KIM K?M),79070099,KHUNG ?? (H?P KIM K?M)
275063301,SH-633 DPM ILLUMINATOR SHIELD M220,MI?NG ??M (NH?A),39269059,MI?NG ??M (NH?A)
275063801,SH-638 STANDARD ILLUMINATOR SHIELD M220,MI?NG ??M (NH?A),39269059,MI?NG ??M (NH?A)
278183501,SP-1835 OPTICAL CAMERA STD VERSION M220,MI?NG ??M (NH?A),39269059,MI?NG ??M (NH?A)
278183601,SP-1836 CONNECTORS SUPPORT M220,MI?NG ??M (NH?A),39269059,MI?NG ??M (NH?A)
281080201,ST-802 BRACKET M220,MI?NG ??M (NH?A),39269059,MI?NG ??M (NH?A)
292005900,TS-59 HMI KEY M220,N?P (CAO SU),40169390,N?P (CAO SU)
296025900,VF-259 SCREW M1.4X0.3 L=6 TORX T3 M220,?C VÍT,73181590,?C VÍT
298068700,X-687 POINTER OPTICAL M220,KÍNH (NH?A),39269059,KÍNH (NH?A)
770262200,CVL-2622 MAIN CONNECTOR POE M220,DÂY CÁP ?I?N,85444922,DÂY CÁP ?I?N
821005631,$ MATRIX 220 QUICK REFERENCE GUIDE,SÁCH H??NG D?N,49019990,SÁCH H??NG D?N
131136112,"ENDCAP CORDED, LIGHT MIC",V? B?O V? (NH?A),39269059,V? B?O V? (NH?A)
93ACC0113,BM1300 ETHERCAT MODULE,C?M L?P RÁP B? GIAO TI?P,84733090,C?M L?P RÁP
93ACC1810,BM300 PROFIBUS MODULE,C?M L?P RÁP B? GIAO TI?P,84733090,C?M L?P RÁP
93ACC1812,BM500 ETHERNET/IP MODULE,C?M L?P RÁP B? GIAO TI?P,84733090,C?M L?P RÁP
93ACC1814,BM400 DEVICENET IP65 MODULE,C?M L?P RÁP B? GIAO TI?P,84733090,C?M L?P RÁP
93ACC1815,BM600 CAN OPEN MODULE,C?M L?P RÁP B? GIAO TI?P,84733090,C?M L?P RÁP
93ACC1816,BM700 PROFINET MODULE,C?M L?P RÁP B? GIAO TI?P,84733090,C?M L?P RÁP
93ACC1845,BM1100 CC-LINK MODULE,C?M L?P RÁP B? GIAO TI?P,84733090,C?M L?P RÁP
93ACC1848,BM1200 MODBUS TCP MODULE,C?M L?P RÁP B? GIAO TI?P,84733090,C?M L?P RÁP
93ACC1851,BM200 ETHERNET TCP/IP MODULE,C?M L?P RÁP B? GIAO TI?P,84733090,C?M L?P RÁP
163274457,"BODY MARK LABEL,BT,MARCO POLO WH",NHÃN (NH?A MI?NG),39199099,NHÃN (NH?A MI?NG)
740151600,"ASSY,BC9030-910 SB5533,HOME DEPOT",C?M L?P RÁP ?? S?C,84733090,C?M L?P RÁP
118011811 ,"BACK CLIP,BK,DBT6400",CH?T GÀI (NH?A),39269059,CH?T GÀI (NH?A)
118011801,"BACK CLIP,HC,DBT6400",CH?T GÀI (NH?A),39269059,CH?T GÀI (NH?A)
131153802,"RISER,WHITE,MGL1500I",V? B?O V? (NH?A),39269059,V? B?O V? (NH?A)
131153901,"RISER DOOR,BLACK,MGL1500I",V? B?O V? (NH?A),39269059,V? B?O V? (NH?A)
131153902,"RISER DOOR,WHITE,MGL1500I",V? B?O V? (NH?A),39269059,V? B?O V? (NH?A)
131154501,"WALL MOUNT,BLACK,MGL1500I",V? B?O V? (NH?A),39269059,V? B?O V? (NH?A)
131154502,"WALL MOUNT,WHITE,MGL15I",V? B?O V? (NH?A),39269059,V? B?O V? (NH?A)
131154601,"BOTTOM COVER,WALL MOUNT,BLACK,MGL15I",V? B?O V? (NH?A),39269059,V? B?O V? (NH?A)
131154602,"BOTTOM COVER,WALL MOUNT,WHITE,MGL15I",V? B?O V? (NH?A),39269059,V? B?O V? (NH?A)
664134015,GEL-8797 M220 MAINBOARD CYCLONE V SOC,C?M L?P RÁP M?CH IN ?I?N T?,84733090,C?M L?P RÁP
664194015,GEL-8882 M220 DPM RED WIDE ANGLE ILLUM.,C?M L?P RÁP M?CH IN ?I?N T?,84733090,C?M L?P RÁP
664194022,GEL-9298 M220 BR WHITE WIDE ANGLE ILLUM,C?M L?P RÁP M?CH IN ?I?N T?,84733090,C?M L?P RÁP
664310012,GEL-9010 M220 HMI-ENCODER BOARD,C?M L?P RÁP M?CH IN ?I?N T?,84733090,C?M L?P RÁP
740248300,ASSY MODULE FIREFLY DE2102-DL,C?M L?P RÁP B? ?I?U KHI?N,84733090,C?M L?P RÁP
90ACC0376,"ACC,TDR,RESTRICTED,9"",MGL9800I",C?M L?P RÁP ??U ??C MÃ V?CH,84733090,C?M L?P RÁP
944700011,MEMOR 1 A00AN04HL0GT0AN-NNN,MÁY ??C MÃ V?CH,84719010,MÁY ??C MÃ V?CH
944700012,MEMOR 1 A00AN04HL0HT0AN-NN,MÁY ??C MÃ V?CH,84719010,MÁY ??C MÃ V?CH
007100325,ETH CABLE GIG RJ45 M12-X-CODED 5M,DÂY CÁP ?I?N,85444922,DÂY CÁP ?I?N
010000671,"WASHER 2,1X4,4X0,5 UNI 1751 B2 BLACK",MI?NG ??M (THÉP),73269099,MI?NG ??M (THÉP)
019258008,TAPPO IP65 X CONN. CIRC. MASCHIO M12,N?P CHE (NH?A),39269059,N?P CHE (NH?A)
160012200,DS-122 HEATSINK M220,MI?NG ??M,58061090,MI?NG ??M
170022400,F-224 POLARIZER FILTER 90° M220,MI?NG ??M (NH?A),39269059,MI?NG ??M (NH?A)
175021000,G-210 M220 SINGLE LED LIGHTPIPE,MI?NG ??M (NH?A),39269059,MI?NG ??M (NH?A)
176098000,GA-980 GASKET AUXILIARY CONNECTOR M220,MI?NG ??M (CAO SU),40169390,MI?NG ??M (CAO SU)
176098100,GA-981 COVER CAP M220,MI?NG ??M (CAO SU),40169390,MI?NG ??M (CAO SU)
278189901,"SP-1899 OPTICAL CAMERA, POE VERS. M220",KHUNG ?? (NHÔM),76169990,KHUNG ?? (NHÔM)
770257100,CVL-2571 M12 17P MALE 45 MM LENGTH M220,DÂY CÁP ?I?N,85444922,DÂY CÁP ?I?N
770262000,CVL-2620 ETHERNET CABLE STD M220,DÂY CÁP ?I?N,85444922,DÂY CÁP ?I?N
770262100,CVL-2621 ETHERNET CABLE POE M220,DÂY CÁP ?I?N,85444922,DÂY CÁP ?I?N
ZC0000114,ACRYLIC ADHESIVE UV DYMAX 3072 250ML,KEO L?NG,35061000,KEO L?NG
ZC0000136,UV N-YELLOW ADHESIVE & POTTING COM.500ML,KEO L?NG,35061000,KEO L?NG
ZC0000411,COLLA VITRALIT 6108-T  GEL 30GR,KEO L?NG,35061000,KEO L?NG
ZC0000473,DOW CORNING 3140 CARTUCCE 310 ML.,KEO L?NG,35061000,KEO L?NG
ZCCOM00004,GLUE LOCTITE IS460 20ML,KEO L?NG,35061000,KEO L?NG
ZCCOM00577,TEFLON FIN GREASE MP 2/3 1 KG.,KEO L?NG,35061000,KEO L?NG
ZCONS00076,GLUE BOSTIK SALDARAPIDO SYRINGE 27GR,KEO L?NG,35061000,KEO L?NG
163338912,"LABEL HANDLE LEFT 433 MHZ BK, MIC",NHÃN (NH?A CU?N),39191099,NHÃN (NH?A CU?N)
163338922,"LABEL HANDLE LEFT 910 MHZ, MIC",NHÃN (NH?A CU?N),39191099,NHÃN (NH?A CU?N)
163338942,"LABEL HANDLE LEFT BT, MIC",NHÃN (NH?A CU?N),39191099,NHÃN (NH?A CU?N)
163339012,"LABEL HANDLE RIGHT 433 MHZ BK, MIC",NHÃN (NH?A CU?N),39191099,NHÃN (NH?A CU?N)
163339022,"LABEL HANDLE RIGHT 910 MHZ, MIC",NHÃN (NH?A CU?N),39191099,NHÃN (NH?A CU?N)
163339032,"LABEL HANDLE RIGHT 910 MHZ BK, MIC",NHÃN (NH?A CU?N),39191099,NHÃN (NH?A CU?N)
163339042,"LABEL HANDLE RIGHT BT, MIC",NHÃN (NH?A CU?N),39191099,NHÃN (NH?A CU?N)
163339052,"LABEL HANDLE RIGHT BT BK, MIC",NHÃN (NH?A CU?N),39191099,NHÃN (NH?A CU?N)
199503202,"PAD, EMI ABSORBER",MI?NG ??M (CAO SU),40169390,MI?NG ??M (CAO SU)
142089500,"TRAY,TOP,ENGINE,FIREFLY",KHAY (NH?A),39269059,KHAY (NH?A)
142089700,"TRAY,BOTTOM,MULTI ENGINE,FIREFLY",KHAY (NH?A),39269059,KHAY (NH?A)
142089800,"BOX,10-PACK,ENGINE,FIREFLY",H?P ?ÓNG GÓI,48191000,H?P ?ÓNG GÓI
178011703,"CUTOUT TEMPLATE SPOKE,LANEHAWK",MI?NG ??M (NHÔM),76169990,MI?NG ??M (NHÔM)
662807015,"GEL-7761,TST,GRYPH 2D,MAIN DESK,5V",C?M L?P RÁP M?CH IN ?I?N T?,84733090,C?M L?P RÁP
663438038,"GEL-8130,TST MAIN STAR/BT GRYPHON",C?M L?P RÁP M?CH IN ?I?N T?,84733090,C?M L?P RÁP
663753016,GEL-8270 MAINBOARD SKORPIO X4,C?M L?P RÁP M?CH IN ?I?N T?,84733090,C?M L?P RÁP
663943012,"PCBA,GEL-8566,MULTI IF, TSTD",C?M L?P RÁP M?CH IN ?I?N T?,84733090,C?M L?P RÁP
664421011,GEL-9382 NEON FLEX KIT VL53L0X,C?M L?P RÁP M?CH IN ?I?N T?,84733090,C?M L?P RÁP
664455012,GEL-9474 GS FF_HE SOLDPAD,C?M L?P RÁP M?CH IN ?I?N T?,84733090,C?M L?P RÁP
664499010,GEL-9538 Q10 COMBINED FPC,C?M L?P RÁP M?CH IN ?I?N T?,84733090,C?M L?P RÁP
683438041,"GEL-8130,T&SW MAIN STAR,GM4400",C?M L?P RÁP M?CH IN ?I?N T?,84733090,C?M L?P RÁP
684058012,GEL-8728 NEON MOTOR PCB + SW,C?M L?P RÁP M?CH IN ?I?N T?,84733090,C?M L?P RÁP
684086005,GEL-8746 NEON MAIN PCB + SW,C?M L?P RÁP M?CH IN ?I?N T?,84733090,C?M L?P RÁP
700276202,LINEAR ACTUATOR ASSEMBLY NEON,C?M L?P RÁP B? RUNG,84733090,C?M L?P RÁP
700277102,"ILLUMINATION AIMING ASSEMBLY, NEON",C?M L?P RÁP QUANG H?C,84733090,C?M L?P RÁP
010138016,"SCREW M 2,5X  6  UNI 7687 ZB",?C VÍT,73181590,?C VÍT
176098301,"BOTTOM PLUG, NINJA",V? (CAO SU),40169390,V? (CAO SU)
ZC0000016,SILICONE DOW CORNING 7091 BIAN / NE /GR,KEO L?NG,35061000,KEO L?NG
163327800,E - 3278 SCREEN PROTECTOR JOYA TOUCH,NHÃN (NH?A MI?NG),39199099,NHÃN (NH?A MI?NG)
94A051016,CAB-421 USB TYPE A-B-MINI STRAIGHT,DÂY CÁP ?I?N,85444922,DÂY CÁP ?I?N
010000889 ,"SCREW,PH,PAN,M4X20,SHEETMETAL",?C VÍT,73181590,?C VÍT
163346101,"LABEL LASER, NINJA",NHÃN (NH?A MI?NG),39199099,NHÃN (NH?A MI?NG)
163346111,"LABEL LASER FRENCH, NINJA",NHÃN (NH?A MI?NG),39199099,NHÃN (NH?A MI?NG)
287021700,TC-217 METAL PLUG FOR COVER M220,MI?NG ??M (THÉP),73269099,MI?NG ??M (THÉP)
296027500,SCREW M2X0.4X4 ISO14583 NYLOK 180 BLUE,?C VÍT,73181590,?C VÍT
664252013,"GEL-8941 M220 MAINB. CYCLONE V SOC, POE",B?NG M?CH IN ?I?N T?,84733010,B?NG M?CH IN ?I?N T?
94ACC0192,"CHARGER, 4 SLOT BATTERY, MEMOR 10",C?M L?P RÁP ?? ??,84733090,C?M L?P RÁP ?? ??
700275002,MOTOR COIL ASSY NEON,MÔ T?,85011049,MÔ T?
700339500,OPTICAL FIREFLY,C?M L?P RÁP QUANG H?C,84733090,C?M L?P RÁP
163274447,"BODY MARK LABEL,MARCO POLO HP",NHÃN (NH?A MI?NG),39199099,NHÃN (NH?A MI?NG)
163338932,"LABEL HANDLE LEFT 910 MHZ BK, MIC",NHÃN (NH?A MI?NG),39199099,NHÃN (NH?A MI?NG)
163338952,"LABEL HANDLE LEFT BT BK, MIC",NHÃN (NH?A MI?NG),39199099,NHÃN (NH?A MI?NG)
163357500,EMI ABSORBER - NINJA,MI?NG ??M,58061090,MI?NG ??M
175020002,"ACTUATOR,MGL1500I",MI?NG ??M (NH?A),39269059,MI?NG ??M (NH?A)
278187001,"SPEAKER CHAMBER COVER,MGL1500I",KHUNG ?? (NH?A),39269059,KHUNG ?? (NH?A)
278189802,"FRAME,ACTUATOR,MGL1500I",KHUNG ?? (NH?A),39269059,KHUNG ?? (NH?A)
278190701,"HOUSING,POINTER/GREEN SPOT,MGL1500I",KHUNG ?? (NH?A),39269059,KHUNG ?? (NH?A)
298069601,"ILLUMINATION CONES,MGL1500I",KHUNG ?? (NH?A),39269059,KHUNG ?? (NH?A)
6003-0942,"CBL,AC,BRASIL,C13 PLUG,ROHS",DÂY CÁP ?I?N,85444922,DÂY CÁP ?I?N
GD4520-BKK1,"GRYPHON D4520, 2D MPX, BLK, 5V, USB KIT",MÁY ??C MÃ V?CH,84719010,MÁY ??C MÃ V?CH
GD4520-HCK1,"GRYPHON D4520, 2D MPX, HC, 5V, USB KIT",MÁY ??C MÃ V?CH,84719010,MÁY ??C MÃ V?CH
GD4520-HCK1-HD,"GRYPHON D4520, 2D MPX, HC, HD,5V,USB KIT",MÁY ??C MÃ V?CH,84719010,MÁY ??C MÃ V?CH
GD4590-HCK10-BPOC,"GRYPHON D4590,2D MPX, HC, 4-14V,KIT BPOC",MÁY ??C MÃ V?CH,84719010,MÁY ??C MÃ V?CH
GD4590-HCK10-HD-BP,"GRYPHON D4590,2D MPX,HC,HD,4-14V,KITBPOC",MÁY ??C MÃ V?CH,84719010,MÁY ??C MÃ V?CH
GD4590-WH,"GRYPHON D4590, 2D MPX, WHITE, 4-14V",MÁY ??C MÃ V?CH,84719010,MÁY ??C MÃ V?CH
GM4500-HC-910K10-B,"GRYPHON M4500, HC, 910MHZ, USB KIT BPOC",MÁY ??C MÃ V?CH,84719010,MÁY ??C MÃ V?CH
68000236,"LED,BLUE,SMD,40LM/W,GB CS8PM1.13",?I?T PHÁT SÁNG,85414010,?I?T PHÁT SÁNG
163338902,"LABEL HANDLE LEFT 433 MHZ, MIC",NHÃN (NH?A MI?NG),39199099,NHÃN (NH?A MI?NG)
163339002,"LABEL HANDLE RIGHT 433 MHZ, MIC",NHÃN (NH?A MI?NG),39199099,NHÃN (NH?A MI?NG)
007100323,ETH CABLE GIG RJ45 M12-X-CODED 1M,DÂY CÁP ?I?N,85444922,DÂY CÁP ?I?N
700316110,"TOP COVER CORDED ASSY BARCOTEC, MIC",V? B?O V? (NH?A),39269059,V? B?O V? (NH?A)
281088100,MOUNTING BRACKET - NINJA,KHUNG ?? (THÉP),73269099,KHUNG ?? (THÉP)
281090600,MULTIFACE ADAPTOR – NINJA,KHUNG ?? (THÉP),73269099,KHUNG ?? (THÉP)
060100193,"ZENER 5,6 V 2% SOT23 BZX84B5V6LT1G",?I?T,85411000,?I?T
023004016,CARD MICROSD  8GB,TH? NH?,85423200,TH? NH?
142074701,"BOX,SHIPPING,MGL2200/2300",H?P ?ÓNG GÓI,48191000,H?P ?ÓNG GÓI
163243006,"LABEL,REG,SERIAL NBR,USA,MG22",NHÃN (NH?A CU?N),39191099,NHÃN (NH?A CU?N)
850024414,"ADDENDUM,REG,MGL22/23",SÁCH H??NG D?N,49019990,SÁCH H??NG D?N
163353300,"HANDLE LABEL HP, CORDED MIC",NHÃN (NH?A MI?NG),39199099,NHÃN (NH?A MI?NG)
298070501,"OPTICAL BARREL, HD MICHELANGELO",KHUNG ?? (NH?A),39269059,KHUNG ?? (NH?A)
004002178,"CONN RECT   8P M PCB STRAIGHT SMD P.1,25",??U N?I,85366939,??U N?I
027410043,COMMON MODE CHOKE COIL 0805 330MA 90OHM,CU?N C?M,85045020,CU?N C?M
034000772,"RES,39R 1% 0402 1/16W",?I?N TR?,85332100,?I?N TR?
053100161,IC LP3982 8LPP LOW NOISE 300 MA CMOS REG,M?CH ?I?N T? TÍCH H?P,85423100,M?CH ?I?N T? TÍCH H?P
065210066,MOSFET P NDS0610 SOT23,TRANSISTOR,85412900,TRANSISTOR
069000004,"OPT TLP127 TPR SO6 2,5KV OUT=TRANSISTOR",TRANSISTOR,85412900,TRANSISTOR
700314900,OPTICAL CHAMBER SUBASSY PUL2 STD MIC,KHUNG ?? (NH?A),39269059,KHUNG ?? (NH?A)
700314910,OPTICAL CHAMBER SUBASSY PUL2 HD MIC,KHUNG ?? (NH?A),39269059,KHUNG ?? (NH?A)
100462900,"FAB, FE4629, CUMULUS ILLUMINATION",B?NG M?CH IN ?I?N T?,84733010,B?NG M?CH IN ?I?N T?
770105700,CVL-1057 RS232 OUTPUT CABLE TC1200,DÂY CÁP ?I?N,85444922,DÂY CÁP ?I?N
176055990,GA - 559 GUARNIZIONE TC1200,MI?NG ??M,58061090,MI?NG ??M
214003500,M - 35 SOLENOID YAXIN,CU?N C?M,85045020,CU?N C?M
004002164,"CONN RECT  10P M PCB STRAIGHT P.1,25 SMD",??U N?I,85366939,??U N?I
004007003,"CONN FLAT CABLE 6P F PCB 90° P.0,5 SMD",??U N?I,85366939,??U N?I
034000714,"RES,0R 1/8W 0603 HIGH POWER JUMPER",?I?N TR?,85332100,?I?N TR?
062000058,"DIODE,SFH206K,PHOTO,IR,DETC,ROHS",?I?T,85411000,?I?T
129000790,"BU -  7 BUSTA POLIETILENE 10 X 10,5 CM",MI?NG ??M (NH?A),39269059,MI?NG ??M (NH?A)
142508591,CO -5085 NEUTRAL PACKAGING BOX,H?P ?ÓNG GÓI,48191000,H?P ?ÓNG GÓI
199284600,"SHIELD CAN,DETECTOR",MI?NG CH?NG NHI?U (THÉP),73269099,MI?NG CH?NG NHI?U (THÉP)
199284700,"MOUNT,DETECTOR",CH?T GÀI (NH?A),39269059,CH?T GÀI (NH?A)
296023301,"VF - 233 SCREW M1,4X0,3 L=4 TORX T3",?C VÍT,73181590,?C VÍT
700286604,"LOCKING SYST BASE ASSY HC, CRADLE MIC",KHUNG ?? (NH?A),39269059,KHUNG ?? (NH?A)
ZC0000238,ET.LASERAB.NERA OPACA TESA 1PC=360000CM2,KEO/KAPTON,39209299,KEO/KAPTON
034560027,"RES,27R 5% 0603 1/10W",?I?N TR?,85332100,?I?N TR?
054100113,IC STR91XF 16/32-BIT FLASH MCU LQFP128,M?CH ?I?N T? TÍCH H?P,85423100,M?CH ?I?N T? TÍCH H?P
94A151137,"CHARGER, 4 SLOT BATTERY, FALCONX3/X4",?? MÁY ??C MÃ V?CH,84733090,?? MÁY ??C MÃ V?CH
10044042,SCREW M 4  X 16  UNI 5931 ZCWH,?C VÍT,73181590,?C VÍT
199333800,"SEAL,SPEAKER,MGL2200VS",MI?NG ??M,58061090,MI?NG ??M
731205100,"LABEL,IEC WARNING,MGL2200VS/MGL2300HS",NHÃN (NH?A CU?N),39191099,NHÃN (NH?A CU?N)
